Partner_Name,Salesforce_Account_Id,Opportunity_Reference_Count
,0012X00001mpyb5QAA,1
,0012X00001pTEV2QAO,103
,0012X00001sDXgZQAW,3
,0017R00002eUkCHQA0,2
,0017R00002eVK7VQAW,4
,0019N000002wHE9QAM,453
C2 Srl,0019N0000052DsJQAU,10
RedShelf Inc.,0019N000005RVimQAG,11
Kiddom,0019N000005dZWqQAM,2
BibliU,001Vl000005mmqjIAA,25
eCampus,001Vl00000C86e2IAB,10
HealthCare & Technology Institute Inc.,001Vl00000D4a8fIAB,35
Kivuto,001Vl00000EUU5WIAX,1
Medguard Healthcare,001Vl00000xKfGOIA0,2
Albany State University,001w000001DfYgaAAF,1
Clemson University,001w000001Ks4kEAAR,1
University of Arizona,001w000001Lqpl2AAB,1
Blue Ridge Community and Technical College,001w000001RMIt4AAH,2
Guilford College,001w000001Rmou1AAB,8
University of Wisconsin Oshkosh,001w000001RmoyyAAB,2
University of Wisconsin Whitewater,001w000001Rmoz1AAB,1
SAVVAS LEARNING,001w000001a8m1AAAQ,3
Algonquin College of Applied Arts and Technology,001w000001k7REBAA2,9
